{
  "type": "minecraft:fishing",
  "pools": [
    {
      "rolls": 1,
      "entries": [
        {
          "type": "minecraft:item",
          "name": "alex_wonderland:alex_grass",
          "weight": 1,
          "functions": [
            {
              "function": "set_count",
              "count": {
                "min": 5,
                "max": 10
              }
            }
          ]
        },
        {
          "type": "minecraft:item",
          "name": "alex_wonderland:alex_dirt",
          "weight": 1,
          "functions": [
            {
              "function": "set_count",
              "count": {
                "min": 5,
                "max": 10
              }
            }
          ]
        },
        {
          "type": "minecraft:item",
          "name": "alex_wonderland:alex_leaves",
          "weight": 1,
          "functions": [
            {
              "function": "set_count",
              "count": {
                "min": 5,
                "max": 10
              }
            }
          ]
        }
      ]
    }
  ],
  "random_sequence": "alex_wonderland:gameplay/alex_loot_table"
}