{
  "_fv": 60,
  "_type": "achievement",
  "definition": {
    "achievementName": "Aaaalex",
    "achievementDescription": "Aaaalex",
    "achievementIcon": {
      "value": "CUSTOM:Rubrubikscube"
    },
    "background": "Default",
    "disableDisplay": true,
    "showPopup": true,
    "announceToChat": true,
    "hideIfNotCompleted": true,
    "rewardLoot": [
      "AlexLootTable"
    ],
    "rewardRecipes": [
      "Rubrubikscub"
    ],
    "rewardFunction": "No function",
    "rewardXP": 0,
    "achievementType": "task",
    "parent": {
      "value": "story/cure_zombie_villager"
    },
    "triggerxml": "<xml xmlns=\"https://developers.google.com/blockly/xml\"><block type=\"advancement_trigger\" deletable=\"false\" x=\"40\" y=\"80\"><next><block type=\"custom_trigger\"></block></next></block></xml>"
  }
}