{
  "_fv": 60,
  "_type": "fluid",
  "definition": {
    "name": "Alex Lava",
    "bucketName": "Alex Lava Bucket",
    "textureStill": "alexlava",
    "textureFlowing": "alexflowinglava",
    "tintType": "No tint",
    "canMultiply": true,
    "flowRate": 5,
    "levelDecrease": 8,
    "slopeFindDistance": 16,
    "spawnParticles": false,
    "dripParticle": {
      "value": "DRIP_LAVA"
    },
    "flowStrength": 1.0,
    "luminosity": 0,
    "density": 1000,
    "viscosity": 1000,
    "temperature": 300,
    "type": "LAVA",
    "generateBucket": true,
    "textureBucket": "alexlavabucket",
    "creativeTab": {
      "value": "CUSTOM:AlexTab"
    },
    "emptySound": {
      "value": "block.amethyst_block.chime"
    },
    "rarity": "RARE",
    "specialInformation": {
      "fixedValue": []
    },
    "resistance": 100.0,
    "luminance": 0,
    "lightOpacity": 1,
    "emissiveRendering": false,
    "tickRate": 0,
    "flammability": 0,
    "fireSpreadSpeed": 0,
    "colorOnMap": "DEFAULT"
  }
}