{"stats":{"minecraft:dropped":{"minecraft:conduit":1,"minecraft:torch":3,"minecraft:bundle":1,"minecraft:jukebox":1,"minecraft:wheat":1,"minecraft:composter":2,"minecraft:redstone_torch":1,"minecraft:copper_bulb":1,"minecraft:sea_lantern":1},"minecraft:used":{"minecraft:leather_leggings":1,"minecraft:trident":60,"minecraft:water_bucket":4,"minecraft:lodestone":3,"minecraft:jungle_log":9,"minecraft:leather_chestplate":1,"minecraft:leather_boots":1,"minecraft:conduit":5,"minecraft:torch":11,"minecraft:fire_charge":184,"minecraft:anvil":3,"minecraft:sweet_berries":1,"minecraft:crafting_table":3,"minecraft:turtle_helmet":1,"alex_wonderland:cotton_candy":56,"minecraft:crossbow":9,"minecraft:bee_nest":3,"minecraft:compass":3,"minecraft:splash_potion":243,"minecraft:spruce_log":21,"minecraft:sea_lantern":220},"minecraft:custom":{"minecraft:time_since_rest":151905,"minecraft:sprint_one_cm":2835,"minecraft:walk_one_cm":39542,"minecraft:interact_with_anvil":2,"minecraft:mob_kills":29,"minecraft:drop":10,"minecraft:animals_bred":1,"minecraft:damage_dealt":1740,"minecraft:interact_with_crafting_table":7,"minecraft:fly_one_cm":277852,"minecraft:play_time":151905,"minecraft:sneak_time":1252,"minecraft:walk_under_water_one_cm":81819,"minecraft:jump":227,"minecraft:leave_game":3,"minecraft:walk_on_water_one_cm":8037,"minecraft:time_since_death":151905,"minecraft:total_world_time":192454},"minecraft:picked_up":{"minecraft:wooden_axe":1,"minecraft:feather":3,"minecraft:stick":11,"minecraft:bee_nest":2,"minecraft:wheat":1,"minecraft:chicken":1,"minecraft:jukebox":1,"minecraft:copper_bulb":1,"minecraft:sweet_berries":5,"minecraft:salmon":5,"minecraft:composter":2,"minecraft:leather":10,"minecraft:torch":9,"minecraft:conduit":1,"minecraft:porkchop":9,"minecraft:ink_sac":6,"minecraft:spruce_log":3,"minecraft:sea_lantern":1,"alex_wonderland:p":1,"minecraft:compass":1,"minecraft:beef":25,"minecraft:stone_pickaxe":1,"minecraft:cooked_chicken":1,"minecraft:redstone_torch":2,"minecraft:bread":3,"minecraft:black_wool":2,"minecraft:mutton":10,"minecraft:oak_planks":4,"minecraft:white_wool":3,"minecraft:egg":3},"minecraft:killed":{"minecraft:sheep":4,"minecraft:pig":5,"minecraft:chicken":1,"minecraft:salmon":4,"minecraft:squid":4,"minecraft:cow":11},"minecraft:crafted":{"minecraft:turtle_helmet":1,"minecraft:item_frame":8,"minecraft:leather_leggings":1,"minecraft:leather_boots":1,"minecraft:stick":68,"minecraft:glow_item_frame":8,"minecraft:leather_chestplate":1,"minecraft:waxed_copper_bulb":1,"minecraft:conduit":1,"minecraft:leather_helmet":1}},"DataVersion":3839}